,X.link.,X.title.,X.time.,X.text.,X.user.
1,link,title,time,text,user
2,https://www.reddit.com/r/Overwatch/comments/7jd5bw/its_the_most_wonderful_time_of_the_year_and_we/,its the most wonderful time of the year and we,12/12/2017,I want my bohrd,zumoro
3,https://www.reddit.com/r/Overwatch/comments/7jd5bw/its_the_most_wonderful_time_of_the_year_and_we/,its the most wonderful time of the year and we,5/24/2012,What are you talking about? This is your bird. ,WildSeaturtle
4,https://www.reddit.com/r/Overwatch/comments/7jd5bw/its_the_most_wonderful_time_of_the_year_and_we/,its the most wonderful time of the year and we,12/12/2017,I WANT MY BOHRD,BigShield
5,https://www.reddit.com/r/Overwatch/comments/7jd5bw/its_the_most_wonderful_time_of_the_year_and_we/,its the most wonderful time of the year and we,12/12/2017,"Okay, nothing's impossible. Are we talking about- uh, is this a bird back in Russia?",SassyAssAhsoka
6,https://www.reddit.com/r/Overwatch/comments/7jd5bw/its_the_most_wonderful_time_of_the_year_and_we/,its the most wonderful time of the year and we,12/12/2017,Omg. Ivan Vanko?,BigShield
7,https://www.reddit.com/r/Overwatch/comments/7jd5bw/its_the_most_wonderful_time_of_the_year_and_we/,its the most wonderful time of the year and we,12/12/2017,"And here I am, surprised that this is still a thing",kelxab
8,https://www.reddit.com/r/Overwatch/comments/7jd5bw/its_the_most_wonderful_time_of_the_year_and_we/,its the most wonderful time of the year and we,12/12/2017,GOD I LOVE BEING AN OWL!,Oh_Captain-Lion
9,https://www.reddit.com/r/Overwatch/comments/7jd5bw/its_the_most_wonderful_time_of_the_year_and_we/,its the most wonderful time of the year and we,12/12/2017,This HAS to be a reference. Two owl snipers? And I guess now we know exactly what is in Anas grenade. ,Dragirby
10,https://www.reddit.com/r/Overwatch/comments/7jd5bw/its_the_most_wonderful_time_of_the_year_and_we/,its the most wonderful time of the year and we,12/13/2017,HOOT HOOOOOOT!!!,EntoBrad
11,https://www.reddit.com/r/Overwatch/comments/7jd5bw/its_the_most_wonderful_time_of_the_year_and_we/,its the most wonderful time of the year and we,12/13/2017,CAWWW/r/enlightenedbirdmen,cooldrew198
12,https://www.reddit.com/r/Overwatch/comments/7jd5bw/its_the_most_wonderful_time_of_the_year_and_we/,its the most wonderful time of the year and we,12/13/2017,im guessing you have nevermore and the green version?,blazingkin
13,https://www.reddit.com/r/Overwatch/comments/7jd5bw/its_the_most_wonderful_time_of_the_year_and_we/,its the most wonderful time of the year and we,12/13/2017,"Just nevermore, don't like plague doctor. ",TheDankestPrince
14,https://www.reddit.com/r/Overwatch/comments/7jd5bw/its_the_most_wonderful_time_of_the_year_and_we/,its the most wonderful time of the year and we,12/13/2017,I'm so bummed I missed out on 80s Zarya :'(,zumoro
15,https://www.reddit.com/r/Overwatch/comments/7jd5bw/its_the_most_wonderful_time_of_the_year_and_we/,its the most wonderful time of the year and we,12/13/2017,I only managed to get cultist. ,MrInsanity25
